Genre,Article Name,Model,coverage_score,covered_points,partial_points,missing_points,total_key_points,sentiment_shift,keyword_overlap,similarity,framing_label,missing_important_topics,faithfulness_score,supported,contradictions,neutral,total_summary_sentences,contradiction_rate,sentence_level_nli,point_results,note
Unknown,"After a year of turmoil, cancer researchers see promising signs for mRNA vaccines",GPT,0.0,0,0,3,3,0.0,0.0,1.0,Major shift,,0.0,0,0,0,0,0.0,[],"[{""key_point"": ""mRNA technology became widely known through the COVID vaccines, but the field has faced a lot of political pushback in recent years including a proposed 40%+ cut to the National Cancer Institute's budget and the cancellation of an mRNA flu vaccine contract."", ""best_sentence"": """", ""max_similarity"": 0.0, ""status"": ""Missing""}, {""key_point"": ""Despite all of that, research seems to still be moving forward."", ""best_sentence"": """", ""max_similarity"": 0.0, ""status"": ""Missing""}, {""key_point"": ""The article follows pancreatic cancer patients who are participating in mRNA cancer vaccine trials."", ""best_sentence"": """", ""max_similarity"": 0.0, ""status"": ""Missing""}]",
Unknown,"After a year of turmoil, cancer researchers see promising signs for mRNA vaccines",Gemini,0.0,0,0,3,3,0.0,0.0,1.0,Major shift,,0.0,0,0,0,0,0.0,[],"[{""key_point"": ""mRNA technology became widely known through the COVID vaccines, but the field has faced a lot of political pushback in recent years including a proposed 40%+ cut to the National Cancer Institute's budget and the cancellation of an mRNA flu vaccine contract."", ""best_sentence"": """", ""max_similarity"": 0.0, ""status"": ""Missing""}, {""key_point"": ""Despite all of that, research seems to still be moving forward."", ""best_sentence"": """", ""max_similarity"": 0.0, ""status"": ""Missing""}, {""key_point"": ""The article follows pancreatic cancer patients who are participating in mRNA cancer vaccine trials."", ""best_sentence"": """", ""max_similarity"": 0.0, ""status"": ""Missing""}]",
Unknown,"After a year of turmoil, cancer researchers see promising signs for mRNA vaccines",Grok,0.0,0,0,3,3,0.0,0.0,1.0,Major shift,,0.0,0,0,0,0,0.0,[],"[{""key_point"": ""mRNA technology became widely known through the COVID vaccines, but the field has faced a lot of political pushback in recent years including a proposed 40%+ cut to the National Cancer Institute's budget and the cancellation of an mRNA flu vaccine contract."", ""best_sentence"": """", ""max_similarity"": 0.0, ""status"": ""Missing""}, {""key_point"": ""Despite all of that, research seems to still be moving forward."", ""best_sentence"": """", ""max_similarity"": 0.0, ""status"": ""Missing""}, {""key_point"": ""The article follows pancreatic cancer patients who are participating in mRNA cancer vaccine trials."", ""best_sentence"": """", ""max_similarity"": 0.0, ""status"": ""Missing""}]",
Unknown,Air War in Iran Gives Way to Crippling Stalemate in Hormuz,GPT,0.0,0,0,8,8,0.0,0.0,1.0,Major shift,,0.0,0,0,0,0,0.0,[],"[{""key_point"": ""The geopolitical conflict between the U.S., Israel, and Iran has settled into a stalemate centered around the closure of the Strait of Hormuz.While direct military bombardments have paused, a \""double blockade\"" is disrupting global commerce.The U.S."", ""best_sentence"": """", ""max_similarity"": 0.0, ""status"": ""Missing""}, {""key_point"": ""is blocking Iranian oil exports to force diplomatic concessions, while Iran continues to attack and seize commercial vessels, leading to stalled peace talks."", ""best_sentence"": """", ""max_similarity"": 0.0, ""status"": ""Missing""}, {""key_point"": ""This chokepoint has trapped 10% of the global oil supply, pushing prices above $100 a barrel and sparking fears of global stagflation."", ""best_sentence"": """", ""max_similarity"": 0.0, ""status"": ""Missing""}, {""key_point"": ""The International Monetary Fund warns that prolonged closure could slash global economic growth to 2% by 2026."", ""best_sentence"": """", ""max_similarity"": 0.0, ""status"": ""Missing""}, {""key_point"": ""As a result, Asia faces severe fuel rationing, Europe is grappling with jet-fuel deficits, and the U.S."", ""best_sentence"": """", ""max_similarity"": 0.0, ""status"": ""Missing""}, {""key_point"": ""is battling inflation risks."", ""best_sentence"": """", ""max_similarity"": 0.0, ""status"": ""Missing""}, {""key_point"": ""Furthermore, Gulf states are suffering billions in infrastructure damage and major setbacks to their tourism and technology sectors."", ""best_sentence"": """", ""max_similarity"": 0.0, ""status"": ""Missing""}, {""key_point"": ""Without immediate diplomatic breakthroughs, the crisis threatens to cause disruptions to global supply chains and energy markets"", ""best_sentence"": """", ""max_similarity"": 0.0, ""status"": ""Missing""}]",
Unknown,Air War in Iran Gives Way to Crippling Stalemate in Hormuz,Gemini,0.0,0,0,8,8,0.0,0.0,1.0,Major shift,,0.0,0,0,0,0,0.0,[],"[{""key_point"": ""The geopolitical conflict between the U.S., Israel, and Iran has settled into a stalemate centered around the closure of the Strait of Hormuz.While direct military bombardments have paused, a \""double blockade\"" is disrupting global commerce.The U.S."", ""best_sentence"": """", ""max_similarity"": 0.0, ""status"": ""Missing""}, {""key_point"": ""is blocking Iranian oil exports to force diplomatic concessions, while Iran continues to attack and seize commercial vessels, leading to stalled peace talks."", ""best_sentence"": """", ""max_similarity"": 0.0, ""status"": ""Missing""}, {""key_point"": ""This chokepoint has trapped 10% of the global oil supply, pushing prices above $100 a barrel and sparking fears of global stagflation."", ""best_sentence"": """", ""max_similarity"": 0.0, ""status"": ""Missing""}, {""key_point"": ""The International Monetary Fund warns that prolonged closure could slash global economic growth to 2% by 2026."", ""best_sentence"": """", ""max_similarity"": 0.0, ""status"": ""Missing""}, {""key_point"": ""As a result, Asia faces severe fuel rationing, Europe is grappling with jet-fuel deficits, and the U.S."", ""best_sentence"": """", ""max_similarity"": 0.0, ""status"": ""Missing""}, {""key_point"": ""is battling inflation risks."", ""best_sentence"": """", ""max_similarity"": 0.0, ""status"": ""Missing""}, {""key_point"": ""Furthermore, Gulf states are suffering billions in infrastructure damage and major setbacks to their tourism and technology sectors."", ""best_sentence"": """", ""max_similarity"": 0.0, ""status"": ""Missing""}, {""key_point"": ""Without immediate diplomatic breakthroughs, the crisis threatens to cause disruptions to global supply chains and energy markets"", ""best_sentence"": """", ""max_similarity"": 0.0, ""status"": ""Missing""}]",
Unknown,Air War in Iran Gives Way to Crippling Stalemate in Hormuz,Grok,0.0,0,0,8,8,0.0,0.0,1.0,Major shift,,0.0,0,0,0,0,0.0,[],"[{""key_point"": ""The geopolitical conflict between the U.S., Israel, and Iran has settled into a stalemate centered around the closure of the Strait of Hormuz.While direct military bombardments have paused, a \""double blockade\"" is disrupting global commerce.The U.S."", ""best_sentence"": """", ""max_similarity"": 0.0, ""status"": ""Missing""}, {""key_point"": ""is blocking Iranian oil exports to force diplomatic concessions, while Iran continues to attack and seize commercial vessels, leading to stalled peace talks."", ""best_sentence"": """", ""max_similarity"": 0.0, ""status"": ""Missing""}, {""key_point"": ""This chokepoint has trapped 10% of the global oil supply, pushing prices above $100 a barrel and sparking fears of global stagflation."", ""best_sentence"": """", ""max_similarity"": 0.0, ""status"": ""Missing""}, {""key_point"": ""The International Monetary Fund warns that prolonged closure could slash global economic growth to 2% by 2026."", ""best_sentence"": """", ""max_similarity"": 0.0, ""status"": ""Missing""}, {""key_point"": ""As a result, Asia faces severe fuel rationing, Europe is grappling with jet-fuel deficits, and the U.S."", ""best_sentence"": """", ""max_similarity"": 0.0, ""status"": ""Missing""}, {""key_point"": ""is battling inflation risks."", ""best_sentence"": """", ""max_similarity"": 0.0, ""status"": ""Missing""}, {""key_point"": ""Furthermore, Gulf states are suffering billions in infrastructure damage and major setbacks to their tourism and technology sectors."", ""best_sentence"": """", ""max_similarity"": 0.0, ""status"": ""Missing""}, {""key_point"": ""Without immediate diplomatic breakthroughs, the crisis threatens to cause disruptions to global supply chains and energy markets"", ""best_sentence"": """", ""max_similarity"": 0.0, ""status"": ""Missing""}]",
Unknown,Anthropic investigating claim of unauthorised access to Mythos AI tool,GPT,0.0,0,0,1,1,0.0,0.0,1.0,Major shift,,0.0,0,0,0,0,0.0,[],"[{""key_point"": ""Anthropic is investigating a serious security breach where unauthorized users gained access to a highly dangerous, unreleased AI model \""Mythos.\"" The attackers reportedly used an outside contractor's account to access the system, which is kept secret because it is capable of severe computer hacking."", ""best_sentence"": """", ""max_similarity"": 0.0, ""status"": ""Missing""}]",
Unknown,Anthropic investigating claim of unauthorised access to Mythos AI tool,Gemini,0.0,0,0,1,1,0.0,0.0,1.0,Major shift,,0.0,0,0,0,0,0.0,[],"[{""key_point"": ""Anthropic is investigating a serious security breach where unauthorized users gained access to a highly dangerous, unreleased AI model \""Mythos.\"" The attackers reportedly used an outside contractor's account to access the system, which is kept secret because it is capable of severe computer hacking."", ""best_sentence"": """", ""max_similarity"": 0.0, ""status"": ""Missing""}]",
Unknown,Anthropic investigating claim of unauthorised access to Mythos AI tool,Grok,0.0,0,0,1,1,0.0,0.0,1.0,Major shift,,0.0,0,0,0,0,0.0,[],"[{""key_point"": ""Anthropic is investigating a serious security breach where unauthorized users gained access to a highly dangerous, unreleased AI model \""Mythos.\"" The attackers reportedly used an outside contractor's account to access the system, which is kept secret because it is capable of severe computer hacking."", ""best_sentence"": """", ""max_similarity"": 0.0, ""status"": ""Missing""}]",
Unknown,Apple’s pick to replace Tim Cook hints at its plans for the AI era,GPT,0.0,0,0,3,3,0.0,0.0,1.0,Major shift,,0.0,0,0,0,0,0.0,[],"[{""key_point"": ""Apple is betting on the future on AI-integrated hardware as John Ternus, the hardware engineering chief, will be the new CEO starting at September."", ""best_sentence"": """", ""max_similarity"": 0.0, ""status"": ""Missing""}, {""key_point"": ""He is replacing Tim Cook, who led Apple for the past 15 years."", ""best_sentence"": """", ""max_similarity"": 0.0, ""status"": ""Missing""}, {""key_point"": ""Business experts believe that Ternus's biggest challenge as the new leader will be successfully guiding the tech giant through the rapidly growing and competitive world of Artificial Intelligence."", ""best_sentence"": """", ""max_similarity"": 0.0, ""status"": ""Missing""}]",
Unknown,Apple’s pick to replace Tim Cook hints at its plans for the AI era,Gemini,0.0,0,0,3,3,0.0,0.0,1.0,Major shift,,0.0,0,0,0,0,0.0,[],"[{""key_point"": ""Apple is betting on the future on AI-integrated hardware as John Ternus, the hardware engineering chief, will be the new CEO starting at September."", ""best_sentence"": """", ""max_similarity"": 0.0, ""status"": ""Missing""}, {""key_point"": ""He is replacing Tim Cook, who led Apple for the past 15 years."", ""best_sentence"": """", ""max_similarity"": 0.0, ""status"": ""Missing""}, {""key_point"": ""Business experts believe that Ternus's biggest challenge as the new leader will be successfully guiding the tech giant through the rapidly growing and competitive world of Artificial Intelligence."", ""best_sentence"": """", ""max_similarity"": 0.0, ""status"": ""Missing""}]",
Unknown,Apple’s pick to replace Tim Cook hints at its plans for the AI era,Grok,0.0,0,0,3,3,0.0,0.0,1.0,Major shift,,0.0,0,0,0,0,0.0,[],"[{""key_point"": ""Apple is betting on the future on AI-integrated hardware as John Ternus, the hardware engineering chief, will be the new CEO starting at September."", ""best_sentence"": """", ""max_similarity"": 0.0, ""status"": ""Missing""}, {""key_point"": ""He is replacing Tim Cook, who led Apple for the past 15 years."", ""best_sentence"": """", ""max_similarity"": 0.0, ""status"": ""Missing""}, {""key_point"": ""Business experts believe that Ternus's biggest challenge as the new leader will be successfully guiding the tech giant through the rapidly growing and competitive world of Artificial Intelligence."", ""best_sentence"": """", ""max_similarity"": 0.0, ""status"": ""Missing""}]",
Unknown,Aspirin can reduce the risk of cancer - and we're starting to understand why,GPT,0.0,0,0,3,3,0.0,0.0,1.0,Major shift,,0.0,0,0,0,0,0.0,[],"[{""key_point"": ""A man, James, who's whole family has faced bowel cancer participated in a clinical trial to test if a dose of aspirin would protect against the cancer."", ""best_sentence"": """", ""max_similarity"": 0.0, ""status"": ""Missing""}, {""key_point"": ""There have been many studies across the world over the last 15 years that have worked to prove that Apirin has reduced both the incidence and spread of cancer."", ""best_sentence"": """", ""max_similarity"": 0.0, ""status"": ""Missing""}, {""key_point"": ""It is unclear if this will work for all cancers, but it has had many positive impacts and in one UK study they found that the Aspirin helps the cancer cells become more visible to the immune system."", ""best_sentence"": """", ""max_similarity"": 0.0, ""status"": ""Missing""}]",
Unknown,Aspirin can reduce the risk of cancer - and we're starting to understand why,Gemini,0.0,0,0,3,3,0.0,0.0,1.0,Major shift,,0.0,0,0,0,0,0.0,[],"[{""key_point"": ""A man, James, who's whole family has faced bowel cancer participated in a clinical trial to test if a dose of aspirin would protect against the cancer."", ""best_sentence"": """", ""max_similarity"": 0.0, ""status"": ""Missing""}, {""key_point"": ""There have been many studies across the world over the last 15 years that have worked to prove that Apirin has reduced both the incidence and spread of cancer."", ""best_sentence"": """", ""max_similarity"": 0.0, ""status"": ""Missing""}, {""key_point"": ""It is unclear if this will work for all cancers, but it has had many positive impacts and in one UK study they found that the Aspirin helps the cancer cells become more visible to the immune system."", ""best_sentence"": """", ""max_similarity"": 0.0, ""status"": ""Missing""}]",
Unknown,Aspirin can reduce the risk of cancer - and we're starting to understand why,Grok,0.0,0,0,3,3,0.0,0.0,1.0,Major shift,,0.0,0,0,0,0,0.0,[],"[{""key_point"": ""A man, James, who's whole family has faced bowel cancer participated in a clinical trial to test if a dose of aspirin would protect against the cancer."", ""best_sentence"": """", ""max_similarity"": 0.0, ""status"": ""Missing""}, {""key_point"": ""There have been many studies across the world over the last 15 years that have worked to prove that Apirin has reduced both the incidence and spread of cancer."", ""best_sentence"": """", ""max_similarity"": 0.0, ""status"": ""Missing""}, {""key_point"": ""It is unclear if this will work for all cancers, but it has had many positive impacts and in one UK study they found that the Aspirin helps the cancer cells become more visible to the immune system."", ""best_sentence"": """", ""max_similarity"": 0.0, ""status"": ""Missing""}]",
Unknown,CDC blocks publication of report showing COVID vaccine efficacy,GPT,0.0,0,0,4,4,0.0,0.0,1.0,Major shift,,0.0,0,0,0,0,0.0,[],"[{""key_point"": ""The CDC had canceled their upcoming publication."", ""best_sentence"": """", ""max_similarity"": 0.0, ""status"": ""Missing""}, {""key_point"": ""The publication was about the effectiveness of the Covid-19 vaccination in significantly lowering emergency department visits and hospitalizaitons."", ""best_sentence"": """", ""max_similarity"": 0.0, ""status"": ""Missing""}, {""key_point"": ""However, although the paper was already approved by the scientific review process, it was ultimately vetoed by the CDC Director Jay due to concerns about the scientific methodologies used."", ""best_sentence"": """", ""max_similarity"": 0.0, ""status"": ""Missing""}, {""key_point"": ""Although many others believe the choice to cancel the publication had to do with poltical motives and bias of the director himself."", ""best_sentence"": """", ""max_similarity"": 0.0, ""status"": ""Missing""}]",
Unknown,CDC blocks publication of report showing COVID vaccine efficacy,Gemini,0.0,0,0,4,4,0.0,0.0,1.0,Major shift,,0.0,0,0,0,0,0.0,[],"[{""key_point"": ""The CDC had canceled their upcoming publication."", ""best_sentence"": """", ""max_similarity"": 0.0, ""status"": ""Missing""}, {""key_point"": ""The publication was about the effectiveness of the Covid-19 vaccination in significantly lowering emergency department visits and hospitalizaitons."", ""best_sentence"": """", ""max_similarity"": 0.0, ""status"": ""Missing""}, {""key_point"": ""However, although the paper was already approved by the scientific review process, it was ultimately vetoed by the CDC Director Jay due to concerns about the scientific methodologies used."", ""best_sentence"": """", ""max_similarity"": 0.0, ""status"": ""Missing""}, {""key_point"": ""Although many others believe the choice to cancel the publication had to do with poltical motives and bias of the director himself."", ""best_sentence"": """", ""max_similarity"": 0.0, ""status"": ""Missing""}]",
Unknown,CDC blocks publication of report showing COVID vaccine efficacy,Grok,0.0,0,0,4,4,0.0,0.0,1.0,Major shift,,0.0,0,0,0,0,0.0,[],"[{""key_point"": ""The CDC had canceled their upcoming publication."", ""best_sentence"": """", ""max_similarity"": 0.0, ""status"": ""Missing""}, {""key_point"": ""The publication was about the effectiveness of the Covid-19 vaccination in significantly lowering emergency department visits and hospitalizaitons."", ""best_sentence"": """", ""max_similarity"": 0.0, ""status"": ""Missing""}, {""key_point"": ""However, although the paper was already approved by the scientific review process, it was ultimately vetoed by the CDC Director Jay due to concerns about the scientific methodologies used."", ""best_sentence"": """", ""max_similarity"": 0.0, ""status"": ""Missing""}, {""key_point"": ""Although many others believe the choice to cancel the publication had to do with poltical motives and bias of the director himself."", ""best_sentence"": """", ""max_similarity"": 0.0, ""status"": ""Missing""}]",
Unknown,"D.H.S. Will Run Out of Money for Paychecks in May, Secretary Says",GPT,0.0,0,0,9,9,0.0,0.0,1.0,Major shift,,0.0,0,0,0,0,0.0,[],"[{""key_point"": ""DHS secritary warns that the agency will run out of money by May if Congress does not reach a deal to end the two month shut down."", ""best_sentence"": """", ""max_similarity"": 0.0, ""status"": ""Missing""}, {""key_point"": ""The department's payroll costs, drawn from Trump's domestic policy bill, exxceeds 1.6 billion dollars every two weeks, and available funding for salaries will dry up after April."", ""best_sentence"": """", ""max_similarity"": 0.0, ""status"": ""Missing""}, {""key_point"": ""90% of the department's workers are considered essential and are working without pay."", ""best_sentence"": """", ""max_similarity"": 0.0, ""status"": ""Missing""}, {""key_point"": ""Disruption is most visible in airports as thousands of TSA workers are affected by the shutdown."", ""best_sentence"": """", ""max_similarity"": 0.0, ""status"": ""Missing""}, {""key_point"": ""Though the situation at the airport alleviated after TSA employees started receiving pay in late march, a TSA union representative worned that the crisis would be renewed with missed paychecks next months."", ""best_sentence"": """", ""max_similarity"": 0.0, ""status"": ""Missing""}, {""key_point"": ""Other operations of DHS is being affected as well."", ""best_sentence"": """", ""max_similarity"": 0.0, ""status"": ""Missing""}, {""key_point"": ""Crisis is rooted in a prolonged political stalemate in Congress."", ""best_sentence"": """", ""max_similarity"": 0.0, ""status"": ""Missing""}, {""key_point"": ""Some Republicans in the House indicates that they refuse to advance a spending bill without seeing progress toward reconciliation measure to fund immigration enforcement."", ""best_sentence"": """", ""max_similarity"": 0.0, ""status"": ""Missing""}, {""key_point"": ""DHS leaders have blamed Democrats for refusing to fully fund the agency without attaching new restrictions on immigration agents."", ""best_sentence"": """", ""max_similarity"": 0.0, ""status"": ""Missing""}]",
Unknown,"D.H.S. Will Run Out of Money for Paychecks in May, Secretary Says",Gemini,0.0,0,0,9,9,0.0,0.0,1.0,Major shift,,0.0,0,0,0,0,0.0,[],"[{""key_point"": ""DHS secritary warns that the agency will run out of money by May if Congress does not reach a deal to end the two month shut down."", ""best_sentence"": """", ""max_similarity"": 0.0, ""status"": ""Missing""}, {""key_point"": ""The department's payroll costs, drawn from Trump's domestic policy bill, exxceeds 1.6 billion dollars every two weeks, and available funding for salaries will dry up after April."", ""best_sentence"": """", ""max_similarity"": 0.0, ""status"": ""Missing""}, {""key_point"": ""90% of the department's workers are considered essential and are working without pay."", ""best_sentence"": """", ""max_similarity"": 0.0, ""status"": ""Missing""}, {""key_point"": ""Disruption is most visible in airports as thousands of TSA workers are affected by the shutdown."", ""best_sentence"": """", ""max_similarity"": 0.0, ""status"": ""Missing""}, {""key_point"": ""Though the situation at the airport alleviated after TSA employees started receiving pay in late march, a TSA union representative worned that the crisis would be renewed with missed paychecks next months."", ""best_sentence"": """", ""max_similarity"": 0.0, ""status"": ""Missing""}, {""key_point"": ""Other operations of DHS is being affected as well."", ""best_sentence"": """", ""max_similarity"": 0.0, ""status"": ""Missing""}, {""key_point"": ""Crisis is rooted in a prolonged political stalemate in Congress."", ""best_sentence"": """", ""max_similarity"": 0.0, ""status"": ""Missing""}, {""key_point"": ""Some Republicans in the House indicates that they refuse to advance a spending bill without seeing progress toward reconciliation measure to fund immigration enforcement."", ""best_sentence"": """", ""max_similarity"": 0.0, ""status"": ""Missing""}, {""key_point"": ""DHS leaders have blamed Democrats for refusing to fully fund the agency without attaching new restrictions on immigration agents."", ""best_sentence"": """", ""max_similarity"": 0.0, ""status"": ""Missing""}]",
Unknown,"D.H.S. Will Run Out of Money for Paychecks in May, Secretary Says",Grok,0.0,0,0,9,9,0.0,0.0,1.0,Major shift,,0.0,0,0,0,0,0.0,[],"[{""key_point"": ""DHS secritary warns that the agency will run out of money by May if Congress does not reach a deal to end the two month shut down."", ""best_sentence"": """", ""max_similarity"": 0.0, ""status"": ""Missing""}, {""key_point"": ""The department's payroll costs, drawn from Trump's domestic policy bill, exxceeds 1.6 billion dollars every two weeks, and available funding for salaries will dry up after April."", ""best_sentence"": """", ""max_similarity"": 0.0, ""status"": ""Missing""}, {""key_point"": ""90% of the department's workers are considered essential and are working without pay."", ""best_sentence"": """", ""max_similarity"": 0.0, ""status"": ""Missing""}, {""key_point"": ""Disruption is most visible in airports as thousands of TSA workers are affected by the shutdown."", ""best_sentence"": """", ""max_similarity"": 0.0, ""status"": ""Missing""}, {""key_point"": ""Though the situation at the airport alleviated after TSA employees started receiving pay in late march, a TSA union representative worned that the crisis would be renewed with missed paychecks next months."", ""best_sentence"": """", ""max_similarity"": 0.0, ""status"": ""Missing""}, {""key_point"": ""Other operations of DHS is being affected as well."", ""best_sentence"": """", ""max_similarity"": 0.0, ""status"": ""Missing""}, {""key_point"": ""Crisis is rooted in a prolonged political stalemate in Congress."", ""best_sentence"": """", ""max_similarity"": 0.0, ""status"": ""Missing""}, {""key_point"": ""Some Republicans in the House indicates that they refuse to advance a spending bill without seeing progress toward reconciliation measure to fund immigration enforcement."", ""best_sentence"": """", ""max_similarity"": 0.0, ""status"": ""Missing""}, {""key_point"": ""DHS leaders have blamed Democrats for refusing to fully fund the agency without attaching new restrictions on immigration agents."", ""best_sentence"": """", ""max_similarity"": 0.0, ""status"": ""Missing""}]",
Unknown,Google Releases Android 17 QPR1 Beta 1 for Pixel,GPT,0.0,0,0,3,3,0.0,0.0,1.0,Major shift,,0.0,0,0,0,0,0.0,[],"[{""key_point"": ""On April 22, 2026 Google released Android 17 QPR1 Beta 1 for its Pixel ecosystem."", ""best_sentence"": """", ""max_similarity"": 0.0, ""status"": ""Missing""}, {""key_point"": ""The beta, which was released earlier than expected, addresses various bugs and can be installed on all Pixel devices that are currently supported."", ""best_sentence"": """", ""max_similarity"": 0.0, ""status"": ""Missing""}, {""key_point"": ""Members of  the Android Beta Program can download the update now."", ""best_sentence"": """", ""max_similarity"": 0.0, ""status"": ""Missing""}]",
Unknown,Google Releases Android 17 QPR1 Beta 1 for Pixel,Gemini,0.0,0,0,3,3,0.0,0.0,1.0,Major shift,,0.0,0,0,0,0,0.0,[],"[{""key_point"": ""On April 22, 2026 Google released Android 17 QPR1 Beta 1 for its Pixel ecosystem."", ""best_sentence"": """", ""max_similarity"": 0.0, ""status"": ""Missing""}, {""key_point"": ""The beta, which was released earlier than expected, addresses various bugs and can be installed on all Pixel devices that are currently supported."", ""best_sentence"": """", ""max_similarity"": 0.0, ""status"": ""Missing""}, {""key_point"": ""Members of  the Android Beta Program can download the update now."", ""best_sentence"": """", ""max_similarity"": 0.0, ""status"": ""Missing""}]",
Unknown,Google Releases Android 17 QPR1 Beta 1 for Pixel,Grok,0.0,0,0,3,3,0.0,0.0,1.0,Major shift,,0.0,0,0,0,0,0.0,[],"[{""key_point"": ""On April 22, 2026 Google released Android 17 QPR1 Beta 1 for its Pixel ecosystem."", ""best_sentence"": """", ""max_similarity"": 0.0, ""status"": ""Missing""}, {""key_point"": ""The beta, which was released earlier than expected, addresses various bugs and can be installed on all Pixel devices that are currently supported."", ""best_sentence"": """", ""max_similarity"": 0.0, ""status"": ""Missing""}, {""key_point"": ""Members of  the Android Beta Program can download the update now."", ""best_sentence"": """", ""max_similarity"": 0.0, ""status"": ""Missing""}]",
Unknown,"In a race between humans and robots, machines take the victory in a sign of advancements",GPT,0.0,0,0,2,2,0.0,0.0,1.0,Major shift,,0.0,0,0,0,0,0.0,[],"[{""key_point"": ""A bipedal humanoid robot named \""Lightning,\"" developed by Chinese tech firm Honor, won the Beijing E-Town Humanoid Robot Half-Marathon, finishing in 50 minutes and 26 seconds. It broke the human world record by nearly seven minutes and outpaced 12,000 human competitors. Last year's winning robot took over two and a half hours, whereas this year, at least four robots finished in under an hour. Furthermore, nearly 40% of the robots completed the course entirely autonomously. The event highlights China's aggressive, state-subsidized push to dominate the global AI and robotics industry as a \""national priority\"". The winning team will secure over 1 million yuan in orders. However, developers acknowledge the technology is still maturing"", ""best_sentence"": """", ""max_similarity"": 0.0, ""status"": ""Missing""}, {""key_point"": ""several robots suffered crashes and needed mid-race repairs, illustrating that while the machines have advanced physical capabilities, they still lack matching cognitive intelligence."", ""best_sentence"": """", ""max_similarity"": 0.0, ""status"": ""Missing""}]",
Unknown,"In a race between humans and robots, machines take the victory in a sign of advancements",Gemini,0.0,0,0,2,2,0.0,0.0,1.0,Major shift,,0.0,0,0,0,0,0.0,[],"[{""key_point"": ""A bipedal humanoid robot named \""Lightning,\"" developed by Chinese tech firm Honor, won the Beijing E-Town Humanoid Robot Half-Marathon, finishing in 50 minutes and 26 seconds. It broke the human world record by nearly seven minutes and outpaced 12,000 human competitors. Last year's winning robot took over two and a half hours, whereas this year, at least four robots finished in under an hour. Furthermore, nearly 40% of the robots completed the course entirely autonomously. The event highlights China's aggressive, state-subsidized push to dominate the global AI and robotics industry as a \""national priority\"". The winning team will secure over 1 million yuan in orders. However, developers acknowledge the technology is still maturing"", ""best_sentence"": """", ""max_similarity"": 0.0, ""status"": ""Missing""}, {""key_point"": ""several robots suffered crashes and needed mid-race repairs, illustrating that while the machines have advanced physical capabilities, they still lack matching cognitive intelligence."", ""best_sentence"": """", ""max_similarity"": 0.0, ""status"": ""Missing""}]",
Unknown,"In a race between humans and robots, machines take the victory in a sign of advancements",Grok,0.0,0,0,2,2,0.0,0.0,1.0,Major shift,,0.0,0,0,0,0,0.0,[],"[{""key_point"": ""A bipedal humanoid robot named \""Lightning,\"" developed by Chinese tech firm Honor, won the Beijing E-Town Humanoid Robot Half-Marathon, finishing in 50 minutes and 26 seconds. It broke the human world record by nearly seven minutes and outpaced 12,000 human competitors. Last year's winning robot took over two and a half hours, whereas this year, at least four robots finished in under an hour. Furthermore, nearly 40% of the robots completed the course entirely autonomously. The event highlights China's aggressive, state-subsidized push to dominate the global AI and robotics industry as a \""national priority\"". The winning team will secure over 1 million yuan in orders. However, developers acknowledge the technology is still maturing"", ""best_sentence"": """", ""max_similarity"": 0.0, ""status"": ""Missing""}, {""key_point"": ""several robots suffered crashes and needed mid-race repairs, illustrating that while the machines have advanced physical capabilities, they still lack matching cognitive intelligence."", ""best_sentence"": """", ""max_similarity"": 0.0, ""status"": ""Missing""}]",
Unknown,Judge bars certification of Virginia redistricting results; state AG promises appeal,GPT,0.0,0,0,4,4,0.0,0.0,1.0,Major shift,,0.0,0,0,0,0,0.0,[],"[{""key_point"": ""Virginia voters had voted to update their congressional map."", ""best_sentence"": """", ""max_similarity"": 0.0, ""status"": ""Missing""}, {""key_point"": ""This redistricting change is postitive for the Democrats who now are likely to benefit by recieving more Democratic house seats in November's midterm  election."", ""best_sentence"": """", ""max_similarity"": 0.0, ""status"": ""Missing""}, {""key_point"": ""Although, a judge has made efforts to not certify the vote since they claim lawmakers did not follow the proper steps to for this redistricting, there is a current Virgina redistricting case with being processed with the supremem court, and that the language of the ballet was misleading."", ""best_sentence"": """", ""max_similarity"": 0.0, ""status"": ""Missing""}, {""key_point"": ""On the opposite end, others are claiming that Republicans are just upset about the results and that fair election organizations are proving this was fair."", ""best_sentence"": """", ""max_similarity"": 0.0, ""status"": ""Missing""}]",
Unknown,Judge bars certification of Virginia redistricting results; state AG promises appeal,Gemini,0.0,0,0,4,4,0.0,0.0,1.0,Major shift,,0.0,0,0,0,0,0.0,[],"[{""key_point"": ""Virginia voters had voted to update their congressional map."", ""best_sentence"": """", ""max_similarity"": 0.0, ""status"": ""Missing""}, {""key_point"": ""This redistricting change is postitive for the Democrats who now are likely to benefit by recieving more Democratic house seats in November's midterm  election."", ""best_sentence"": """", ""max_similarity"": 0.0, ""status"": ""Missing""}, {""key_point"": ""Although, a judge has made efforts to not certify the vote since they claim lawmakers did not follow the proper steps to for this redistricting, there is a current Virgina redistricting case with being processed with the supremem court, and that the language of the ballet was misleading."", ""best_sentence"": """", ""max_similarity"": 0.0, ""status"": ""Missing""}, {""key_point"": ""On the opposite end, others are claiming that Republicans are just upset about the results and that fair election organizations are proving this was fair."", ""best_sentence"": """", ""max_similarity"": 0.0, ""status"": ""Missing""}]",
Unknown,Judge bars certification of Virginia redistricting results; state AG promises appeal,Grok,0.0,0,0,4,4,0.0,0.0,1.0,Major shift,,0.0,0,0,0,0,0.0,[],"[{""key_point"": ""Virginia voters had voted to update their congressional map."", ""best_sentence"": """", ""max_similarity"": 0.0, ""status"": ""Missing""}, {""key_point"": ""This redistricting change is postitive for the Democrats who now are likely to benefit by recieving more Democratic house seats in November's midterm  election."", ""best_sentence"": """", ""max_similarity"": 0.0, ""status"": ""Missing""}, {""key_point"": ""Although, a judge has made efforts to not certify the vote since they claim lawmakers did not follow the proper steps to for this redistricting, there is a current Virgina redistricting case with being processed with the supremem court, and that the language of the ballet was misleading."", ""best_sentence"": """", ""max_similarity"": 0.0, ""status"": ""Missing""}, {""key_point"": ""On the opposite end, others are claiming that Republicans are just upset about the results and that fair election organizations are proving this was fair."", ""best_sentence"": """", ""max_similarity"": 0.0, ""status"": ""Missing""}]",
Unknown,Los Angeles becomes the first major school district to require screen time limits,GPT,0.0,0,0,4,4,0.0,0.0,1.0,Major shift,,0.0,0,0,0,0,0.0,[],"[{""key_point"": ""The Los Angeles Unified School District has become the first major school district in the U.S."", ""best_sentence"": """", ""max_similarity"": 0.0, ""status"": ""Missing""}, {""key_point"": ""to impose limits on student screen time in classrooms."", ""best_sentence"": """", ""max_similarity"": 0.0, ""status"": ""Missing""}, {""key_point"": ""To help students focus, they are completely banning the use of iPads and laptops for first-grade students and younger."", ""best_sentence"": """", ""max_similarity"": 0.0, ""status"": ""Missing""}, {""key_point"": ""The decision comes after parents and teachers raised concerns that having too much technology in the classroom was distracting children, hurting their social skills, and lowering their grades."", ""best_sentence"": """", ""max_similarity"": 0.0, ""status"": ""Missing""}]",
Unknown,Los Angeles becomes the first major school district to require screen time limits,Gemini,0.0,0,0,4,4,0.0,0.0,1.0,Major shift,,0.0,0,0,0,0,0.0,[],"[{""key_point"": ""The Los Angeles Unified School District has become the first major school district in the U.S."", ""best_sentence"": """", ""max_similarity"": 0.0, ""status"": ""Missing""}, {""key_point"": ""to impose limits on student screen time in classrooms."", ""best_sentence"": """", ""max_similarity"": 0.0, ""status"": ""Missing""}, {""key_point"": ""To help students focus, they are completely banning the use of iPads and laptops for first-grade students and younger."", ""best_sentence"": """", ""max_similarity"": 0.0, ""status"": ""Missing""}, {""key_point"": ""The decision comes after parents and teachers raised concerns that having too much technology in the classroom was distracting children, hurting their social skills, and lowering their grades."", ""best_sentence"": """", ""max_similarity"": 0.0, ""status"": ""Missing""}]",
Unknown,Los Angeles becomes the first major school district to require screen time limits,Grok,0.0,0,0,4,4,0.0,0.0,1.0,Major shift,,0.0,0,0,0,0,0.0,[],"[{""key_point"": ""The Los Angeles Unified School District has become the first major school district in the U.S."", ""best_sentence"": """", ""max_similarity"": 0.0, ""status"": ""Missing""}, {""key_point"": ""to impose limits on student screen time in classrooms."", ""best_sentence"": """", ""max_similarity"": 0.0, ""status"": ""Missing""}, {""key_point"": ""To help students focus, they are completely banning the use of iPads and laptops for first-grade students and younger."", ""best_sentence"": """", ""max_similarity"": 0.0, ""status"": ""Missing""}, {""key_point"": ""The decision comes after parents and teachers raised concerns that having too much technology in the classroom was distracting children, hurting their social skills, and lowering their grades."", ""best_sentence"": """", ""max_similarity"": 0.0, ""status"": ""Missing""}]",
Unknown,Massive Motorola Razr 2026 leak leaves nothing to the imagination,GPT,0.0,0,0,3,3,0.0,0.0,1.0,Major shift,,0.0,0,0,0,0,0.0,[],"[{""key_point"": ""Full details and specs of the upcoming Motorolla Razr 2026 have been leaked, thanks to a Russian retailer prematurely listing the device for sale."", ""best_sentence"": """", ""max_similarity"": 0.0, ""status"": ""Missing""}, {""key_point"": ""While many specs, such as the screen and overall design of the phone are similar to last year's model, key improvements include a larger battery and a newer Dimensity chip."", ""best_sentence"": """", ""max_similarity"": 0.0, ""status"": ""Missing""}, {""key_point"": ""The phone is expected to launch April 29th, 2026."", ""best_sentence"": """", ""max_similarity"": 0.0, ""status"": ""Missing""}]",
Unknown,Massive Motorola Razr 2026 leak leaves nothing to the imagination,Gemini,0.0,0,0,3,3,0.0,0.0,1.0,Major shift,,0.0,0,0,0,0,0.0,[],"[{""key_point"": ""Full details and specs of the upcoming Motorolla Razr 2026 have been leaked, thanks to a Russian retailer prematurely listing the device for sale."", ""best_sentence"": """", ""max_similarity"": 0.0, ""status"": ""Missing""}, {""key_point"": ""While many specs, such as the screen and overall design of the phone are similar to last year's model, key improvements include a larger battery and a newer Dimensity chip."", ""best_sentence"": """", ""max_similarity"": 0.0, ""status"": ""Missing""}, {""key_point"": ""The phone is expected to launch April 29th, 2026."", ""best_sentence"": """", ""max_similarity"": 0.0, ""status"": ""Missing""}]",
Unknown,Massive Motorola Razr 2026 leak leaves nothing to the imagination,Grok,0.0,0,0,3,3,0.0,0.0,1.0,Major shift,,0.0,0,0,0,0,0.0,[],"[{""key_point"": ""Full details and specs of the upcoming Motorolla Razr 2026 have been leaked, thanks to a Russian retailer prematurely listing the device for sale."", ""best_sentence"": """", ""max_similarity"": 0.0, ""status"": ""Missing""}, {""key_point"": ""While many specs, such as the screen and overall design of the phone are similar to last year's model, key improvements include a larger battery and a newer Dimensity chip."", ""best_sentence"": """", ""max_similarity"": 0.0, ""status"": ""Missing""}, {""key_point"": ""The phone is expected to launch April 29th, 2026."", ""best_sentence"": """", ""max_similarity"": 0.0, ""status"": ""Missing""}]",
Unknown,Meta to cut 10% of staff as it pours billions into AI,GPT,0.0,0,0,3,3,0.0,0.0,1.0,Major shift,,0.0,0,0,0,0,0.0,[],"[{""key_point"": ""Meta announced it is laying off around 8,000 employees (about 10% of its workforce), with cuts taking effect on May 20th."", ""best_sentence"": """", ""max_similarity"": 0.0, ""status"": ""Missing""}, {""key_point"": ""The reason is essentially to redirect money toward AI investments."", ""best_sentence"": """", ""max_similarity"": 0.0, ""status"": ""Missing""}, {""key_point"": ""Zuckerberg had actually hinted at this earlier in the year when he said AI would \""dramatically change the way we work.\"" Beyond Meta, Microsoft is simultaneously offering voluntary buyouts, and Amazon and Salesforce are also cutting jobs."", ""best_sentence"": """", ""max_similarity"": 0.0, ""status"": ""Missing""}]",
Unknown,Meta to cut 10% of staff as it pours billions into AI,Gemini,0.0,0,0,3,3,0.0,0.0,1.0,Major shift,,0.0,0,0,0,0,0.0,[],"[{""key_point"": ""Meta announced it is laying off around 8,000 employees (about 10% of its workforce), with cuts taking effect on May 20th."", ""best_sentence"": """", ""max_similarity"": 0.0, ""status"": ""Missing""}, {""key_point"": ""The reason is essentially to redirect money toward AI investments."", ""best_sentence"": """", ""max_similarity"": 0.0, ""status"": ""Missing""}, {""key_point"": ""Zuckerberg had actually hinted at this earlier in the year when he said AI would \""dramatically change the way we work.\"" Beyond Meta, Microsoft is simultaneously offering voluntary buyouts, and Amazon and Salesforce are also cutting jobs."", ""best_sentence"": """", ""max_similarity"": 0.0, ""status"": ""Missing""}]",
Unknown,Meta to cut 10% of staff as it pours billions into AI,Grok,0.0,0,0,3,3,0.0,0.0,1.0,Major shift,,0.0,0,0,0,0,0.0,[],"[{""key_point"": ""Meta announced it is laying off around 8,000 employees (about 10% of its workforce), with cuts taking effect on May 20th."", ""best_sentence"": """", ""max_similarity"": 0.0, ""status"": ""Missing""}, {""key_point"": ""The reason is essentially to redirect money toward AI investments."", ""best_sentence"": """", ""max_similarity"": 0.0, ""status"": ""Missing""}, {""key_point"": ""Zuckerberg had actually hinted at this earlier in the year when he said AI would \""dramatically change the way we work.\"" Beyond Meta, Microsoft is simultaneously offering voluntary buyouts, and Amazon and Salesforce are also cutting jobs."", ""best_sentence"": """", ""max_similarity"": 0.0, ""status"": ""Missing""}]",
Unknown,"New study reveals coffee’s positive gut impacts, even without caffeine",GPT,0.0,0,0,3,3,0.0,0.0,1.0,Major shift,,0.0,0,0,0,0,0.0,[],"[{""key_point"": ""Coffee has been proven by recent research to have a positive effect on gut health."", ""best_sentence"": """", ""max_similarity"": 0.0, ""status"": ""Missing""}, {""key_point"": ""Those in a recent research study who drank coffee reported to have lower stress and depression as well."", ""best_sentence"": """", ""max_similarity"": 0.0, ""status"": ""Missing""}, {""key_point"": ""Coffee also interacted with and improved the participant's the gut microbes which allows them to fight off unhealthy gut bacteria faster) as well as improved their metabolism."", ""best_sentence"": """", ""max_similarity"": 0.0, ""status"": ""Missing""}]",
Unknown,"New study reveals coffee’s positive gut impacts, even without caffeine",Gemini,0.0,0,0,3,3,0.0,0.0,1.0,Major shift,,0.0,0,0,0,0,0.0,[],"[{""key_point"": ""Coffee has been proven by recent research to have a positive effect on gut health."", ""best_sentence"": """", ""max_similarity"": 0.0, ""status"": ""Missing""}, {""key_point"": ""Those in a recent research study who drank coffee reported to have lower stress and depression as well."", ""best_sentence"": """", ""max_similarity"": 0.0, ""status"": ""Missing""}, {""key_point"": ""Coffee also interacted with and improved the participant's the gut microbes which allows them to fight off unhealthy gut bacteria faster) as well as improved their metabolism."", ""best_sentence"": """", ""max_similarity"": 0.0, ""status"": ""Missing""}]",
Unknown,"New study reveals coffee’s positive gut impacts, even without caffeine",Grok,0.0,0,0,3,3,0.0,0.0,1.0,Major shift,,0.0,0,0,0,0,0.0,[],"[{""key_point"": ""Coffee has been proven by recent research to have a positive effect on gut health."", ""best_sentence"": """", ""max_similarity"": 0.0, ""status"": ""Missing""}, {""key_point"": ""Those in a recent research study who drank coffee reported to have lower stress and depression as well."", ""best_sentence"": """", ""max_similarity"": 0.0, ""status"": ""Missing""}, {""key_point"": ""Coffee also interacted with and improved the participant's the gut microbes which allows them to fight off unhealthy gut bacteria faster) as well as improved their metabolism."", ""best_sentence"": """", ""max_similarity"": 0.0, ""status"": ""Missing""}]",
Unknown,"RSV is still spreading, prompting states to extend the immunization period",GPT,0.0,0,0,3,3,0.0,0.0,1.0,Major shift,,0.0,0,0,0,0,0.0,[],"[{""key_point"": ""RSV has been spreading later into the season than usual this year, with a positive test rate of 7.5%, noticeably higher than the same time last year."", ""best_sentence"": """", ""max_similarity"": 0.0, ""status"": ""Missing""}, {""key_point"": ""Because of this, almost every state has extended its RSV immunization window through the end of April."", ""best_sentence"": """", ""max_similarity"": 0.0, ""status"": ""Missing""}, {""key_point"": ""This is especially important because RSV poses the greatest risk to newborns, and around 10,000 babies are born every day in the U.S."", ""best_sentence"": """", ""max_similarity"": 0.0, ""status"": ""Missing""}]",
Unknown,"RSV is still spreading, prompting states to extend the immunization period",Gemini,0.0,0,0,3,3,0.0,0.0,1.0,Major shift,,0.0,0,0,0,0,0.0,[],"[{""key_point"": ""RSV has been spreading later into the season than usual this year, with a positive test rate of 7.5%, noticeably higher than the same time last year."", ""best_sentence"": """", ""max_similarity"": 0.0, ""status"": ""Missing""}, {""key_point"": ""Because of this, almost every state has extended its RSV immunization window through the end of April."", ""best_sentence"": """", ""max_similarity"": 0.0, ""status"": ""Missing""}, {""key_point"": ""This is especially important because RSV poses the greatest risk to newborns, and around 10,000 babies are born every day in the U.S."", ""best_sentence"": """", ""max_similarity"": 0.0, ""status"": ""Missing""}]",
Unknown,"RSV is still spreading, prompting states to extend the immunization period",Grok,0.0,0,0,3,3,0.0,0.0,1.0,Major shift,,0.0,0,0,0,0,0.0,[],"[{""key_point"": ""RSV has been spreading later into the season than usual this year, with a positive test rate of 7.5%, noticeably higher than the same time last year."", ""best_sentence"": """", ""max_similarity"": 0.0, ""status"": ""Missing""}, {""key_point"": ""Because of this, almost every state has extended its RSV immunization window through the end of April."", ""best_sentence"": """", ""max_similarity"": 0.0, ""status"": ""Missing""}, {""key_point"": ""This is especially important because RSV poses the greatest risk to newborns, and around 10,000 babies are born every day in the U.S."", ""best_sentence"": """", ""max_similarity"": 0.0, ""status"": ""Missing""}]",
Unknown,"Senators grill RFK Jr. on vaccines, drug prices and more at hearing",GPT,0.0,0,0,5,5,0.0,0.0,1.0,Major shift,,0.0,0,0,0,0,0.0,[],"[{""key_point"": ""RFK Jr."", ""best_sentence"": """", ""max_similarity"": 0.0, ""status"": ""Missing""}, {""key_point"": ""did seven consecutive congressional hearings this week."", ""best_sentence"": """", ""max_similarity"": 0.0, ""status"": ""Missing""}, {""key_point"": ""He described his 15 months leading HHS as having delivered significant results, pointing to things like drug price negotiations and pushing to ban petroleum-based food dyes."", ""best_sentence"": """", ""max_similarity"": 0.0, ""status"": ""Missing""}, {""key_point"": ""Democrats pushed back hard though, repeatedly pressing him on his stance on vaccines."", ""best_sentence"": """", ""max_similarity"": 0.0, ""status"": ""Missing""}, {""key_point"": ""Surprisingly, he came out in clear support of the measles vaccine, which seems against his previous stand."", ""best_sentence"": """", ""max_similarity"": 0.0, ""status"": ""Missing""}]",
Unknown,"Senators grill RFK Jr. on vaccines, drug prices and more at hearing",Gemini,0.0,0,0,5,5,0.0,0.0,1.0,Major shift,,0.0,0,0,0,0,0.0,[],"[{""key_point"": ""RFK Jr."", ""best_sentence"": """", ""max_similarity"": 0.0, ""status"": ""Missing""}, {""key_point"": ""did seven consecutive congressional hearings this week."", ""best_sentence"": """", ""max_similarity"": 0.0, ""status"": ""Missing""}, {""key_point"": ""He described his 15 months leading HHS as having delivered significant results, pointing to things like drug price negotiations and pushing to ban petroleum-based food dyes."", ""best_sentence"": """", ""max_similarity"": 0.0, ""status"": ""Missing""}, {""key_point"": ""Democrats pushed back hard though, repeatedly pressing him on his stance on vaccines."", ""best_sentence"": """", ""max_similarity"": 0.0, ""status"": ""Missing""}, {""key_point"": ""Surprisingly, he came out in clear support of the measles vaccine, which seems against his previous stand."", ""best_sentence"": """", ""max_similarity"": 0.0, ""status"": ""Missing""}]",
Unknown,"Senators grill RFK Jr. on vaccines, drug prices and more at hearing",Grok,0.0,0,0,5,5,0.0,0.0,1.0,Major shift,,0.0,0,0,0,0,0.0,[],"[{""key_point"": ""RFK Jr."", ""best_sentence"": """", ""max_similarity"": 0.0, ""status"": ""Missing""}, {""key_point"": ""did seven consecutive congressional hearings this week."", ""best_sentence"": """", ""max_similarity"": 0.0, ""status"": ""Missing""}, {""key_point"": ""He described his 15 months leading HHS as having delivered significant results, pointing to things like drug price negotiations and pushing to ban petroleum-based food dyes."", ""best_sentence"": """", ""max_similarity"": 0.0, ""status"": ""Missing""}, {""key_point"": ""Democrats pushed back hard though, repeatedly pressing him on his stance on vaccines."", ""best_sentence"": """", ""max_similarity"": 0.0, ""status"": ""Missing""}, {""key_point"": ""Surprisingly, he came out in clear support of the measles vaccine, which seems against his previous stand."", ""best_sentence"": """", ""max_similarity"": 0.0, ""status"": ""Missing""}]",
Unknown,SpaceX Strikes Deal With Cursor for $60 Billion,GPT,0.0,0,0,3,3,0.0,0.0,1.0,Major shift,,0.0,0,0,0,0,0.0,[],"[{""key_point"": ""Elon Musk\u2019s space company, SpaceX, is investing heavily in AI by making a massive deal with Cursor, a startup that makes software to help programmers write code."", ""best_sentence"": """", ""max_similarity"": 0.0, ""status"": ""Missing""}, {""key_point"": ""SpaceX agreed to a $10 billion partnership, with an option to buy Cursor completely for $60 billion later this year."", ""best_sentence"": """", ""max_similarity"": 0.0, ""status"": ""Missing""}, {""key_point"": ""The move is designed to strengthen SpaceX's technology and make the company look more valuable before its IPO in June."", ""best_sentence"": """", ""max_similarity"": 0.0, ""status"": ""Missing""}]",
Unknown,SpaceX Strikes Deal With Cursor for $60 Billion,Gemini,0.0,0,0,3,3,0.0,0.0,1.0,Major shift,,0.0,0,0,0,0,0.0,[],"[{""key_point"": ""Elon Musk\u2019s space company, SpaceX, is investing heavily in AI by making a massive deal with Cursor, a startup that makes software to help programmers write code."", ""best_sentence"": """", ""max_similarity"": 0.0, ""status"": ""Missing""}, {""key_point"": ""SpaceX agreed to a $10 billion partnership, with an option to buy Cursor completely for $60 billion later this year."", ""best_sentence"": """", ""max_similarity"": 0.0, ""status"": ""Missing""}, {""key_point"": ""The move is designed to strengthen SpaceX's technology and make the company look more valuable before its IPO in June."", ""best_sentence"": """", ""max_similarity"": 0.0, ""status"": ""Missing""}]",
Unknown,SpaceX Strikes Deal With Cursor for $60 Billion,Grok,0.0,0,0,3,3,0.0,0.0,1.0,Major shift,,0.0,0,0,0,0,0.0,[],"[{""key_point"": ""Elon Musk\u2019s space company, SpaceX, is investing heavily in AI by making a massive deal with Cursor, a startup that makes software to help programmers write code."", ""best_sentence"": """", ""max_similarity"": 0.0, ""status"": ""Missing""}, {""key_point"": ""SpaceX agreed to a $10 billion partnership, with an option to buy Cursor completely for $60 billion later this year."", ""best_sentence"": """", ""max_similarity"": 0.0, ""status"": ""Missing""}, {""key_point"": ""The move is designed to strengthen SpaceX's technology and make the company look more valuable before its IPO in June."", ""best_sentence"": """", ""max_similarity"": 0.0, ""status"": ""Missing""}]",
Unknown,Suspected gunman at White House press dinner named,GPT,0.0,0,0,6,6,0.0,0.0,1.0,Major shift,,0.0,0,0,0,0,0.0,[],"[{""key_point"": ""The gunman suspected to be responsible for the shooting at the White House correspondents' dinner has been identified as Cole Thomas Allen of California."", ""best_sentence"": """", ""max_similarity"": 0.0, ""status"": ""Missing""}, {""key_point"": ""Allen, a 31 year old mechanical engineer and computer scientist, was allegedly seen sprinting through a Secret Service checkpoint before being fired upon by agents."", ""best_sentence"": """", ""max_similarity"": 0.0, ""status"": ""Missing""}, {""key_point"": ""Allen was not hit by gunfire in the exchange and is believed to have rented a room in the hotel."", ""best_sentence"": """", ""max_similarity"": 0.0, ""status"": ""Missing""}, {""key_point"": ""Suspected to be acting alone, the gunman allegedly targeted members of the Trump administration, including the president."", ""best_sentence"": """", ""max_similarity"": 0.0, ""status"": ""Missing""}, {""key_point"": ""Those who know Allen were surprised to learn he was the alleged shooter, recounting his intellignece and gentle nature."", ""best_sentence"": """", ""max_similarity"": 0.0, ""status"": ""Missing""}, {""key_point"": ""Allen was a member of numerous clubs during his time at Caltech and appeared to be well-versed in subjects beyond engineering and computer science."", ""best_sentence"": """", ""max_similarity"": 0.0, ""status"": ""Missing""}]",
Unknown,Suspected gunman at White House press dinner named,Gemini,0.0,0,0,6,6,0.0,0.0,1.0,Major shift,,0.0,0,0,0,0,0.0,[],"[{""key_point"": ""The gunman suspected to be responsible for the shooting at the White House correspondents' dinner has been identified as Cole Thomas Allen of California."", ""best_sentence"": """", ""max_similarity"": 0.0, ""status"": ""Missing""}, {""key_point"": ""Allen, a 31 year old mechanical engineer and computer scientist, was allegedly seen sprinting through a Secret Service checkpoint before being fired upon by agents."", ""best_sentence"": """", ""max_similarity"": 0.0, ""status"": ""Missing""}, {""key_point"": ""Allen was not hit by gunfire in the exchange and is believed to have rented a room in the hotel."", ""best_sentence"": """", ""max_similarity"": 0.0, ""status"": ""Missing""}, {""key_point"": ""Suspected to be acting alone, the gunman allegedly targeted members of the Trump administration, including the president."", ""best_sentence"": """", ""max_similarity"": 0.0, ""status"": ""Missing""}, {""key_point"": ""Those who know Allen were surprised to learn he was the alleged shooter, recounting his intellignece and gentle nature."", ""best_sentence"": """", ""max_similarity"": 0.0, ""status"": ""Missing""}, {""key_point"": ""Allen was a member of numerous clubs during his time at Caltech and appeared to be well-versed in subjects beyond engineering and computer science."", ""best_sentence"": """", ""max_similarity"": 0.0, ""status"": ""Missing""}]",
Unknown,Suspected gunman at White House press dinner named,Grok,0.0,0,0,6,6,0.0,0.0,1.0,Major shift,,0.0,0,0,0,0,0.0,[],"[{""key_point"": ""The gunman suspected to be responsible for the shooting at the White House correspondents' dinner has been identified as Cole Thomas Allen of California."", ""best_sentence"": """", ""max_similarity"": 0.0, ""status"": ""Missing""}, {""key_point"": ""Allen, a 31 year old mechanical engineer and computer scientist, was allegedly seen sprinting through a Secret Service checkpoint before being fired upon by agents."", ""best_sentence"": """", ""max_similarity"": 0.0, ""status"": ""Missing""}, {""key_point"": ""Allen was not hit by gunfire in the exchange and is believed to have rented a room in the hotel."", ""best_sentence"": """", ""max_similarity"": 0.0, ""status"": ""Missing""}, {""key_point"": ""Suspected to be acting alone, the gunman allegedly targeted members of the Trump administration, including the president."", ""best_sentence"": """", ""max_similarity"": 0.0, ""status"": ""Missing""}, {""key_point"": ""Those who know Allen were surprised to learn he was the alleged shooter, recounting his intellignece and gentle nature."", ""best_sentence"": """", ""max_similarity"": 0.0, ""status"": ""Missing""}, {""key_point"": ""Allen was a member of numerous clubs during his time at Caltech and appeared to be well-versed in subjects beyond engineering and computer science."", ""best_sentence"": """", ""max_similarity"": 0.0, ""status"": ""Missing""}]",
Unknown,The world wants Chinese tech. China is determined to keep it,GPT,0.0,0,0,8,8,0.0,0.0,1.0,Major shift,,0.0,0,0,0,0,0.0,[],"[{""key_point"": ""Global focus on technology transfer has shifted from protecting Western tech to concerns over how the rest of the world can acquire advanced Chinese technology,  from EVs to AI robots."", ""best_sentence"": """", ""max_similarity"": 0.0, ""status"": ""Missing""}, {""key_point"": ""Countries are leveraging market access to force local manufacturing and tech sharing."", ""best_sentence"": """", ""max_similarity"": 0.0, ""status"": ""Missing""}, {""key_point"": ""However China is actively resisting these effort through export controls."", ""best_sentence"": """", ""max_similarity"": 0.0, ""status"": ""Missing""}, {""key_point"": ""Chinese government has demonstrated paranoia over its tech leaving the country, as demonstrated by the case of AI startup Manus."", ""best_sentence"": """", ""max_similarity"": 0.0, ""status"": ""Missing""}, {""key_point"": ""Unlike China's top-down strategy in digesting foreign tech, the rest of the world would have to rely on companies themselves to drive the transfer."", ""best_sentence"": """", ""max_similarity"": 0.0, ""status"": ""Missing""}, {""key_point"": ""Moreover, China's tech control might actually accelerate tech transfers, incentivizing innovators to take ideas abroad early on."", ""best_sentence"": """", ""max_similarity"": 0.0, ""status"": ""Missing""}, {""key_point"": ""Ultimately, China still needs Western tech, particularly in the semiconductor industry."", ""best_sentence"": """", ""max_similarity"": 0.0, ""status"": ""Missing""}, {""key_point"": ""This is likely leading to a future of a two-way tech transfer across borders, which both US and China leaders will resist."", ""best_sentence"": """", ""max_similarity"": 0.0, ""status"": ""Missing""}]",
Unknown,The world wants Chinese tech. China is determined to keep it,Gemini,0.0,0,0,8,8,0.0,0.0,1.0,Major shift,,0.0,0,0,0,0,0.0,[],"[{""key_point"": ""Global focus on technology transfer has shifted from protecting Western tech to concerns over how the rest of the world can acquire advanced Chinese technology,  from EVs to AI robots."", ""best_sentence"": """", ""max_similarity"": 0.0, ""status"": ""Missing""}, {""key_point"": ""Countries are leveraging market access to force local manufacturing and tech sharing."", ""best_sentence"": """", ""max_similarity"": 0.0, ""status"": ""Missing""}, {""key_point"": ""However China is actively resisting these effort through export controls."", ""best_sentence"": """", ""max_similarity"": 0.0, ""status"": ""Missing""}, {""key_point"": ""Chinese government has demonstrated paranoia over its tech leaving the country, as demonstrated by the case of AI startup Manus."", ""best_sentence"": """", ""max_similarity"": 0.0, ""status"": ""Missing""}, {""key_point"": ""Unlike China's top-down strategy in digesting foreign tech, the rest of the world would have to rely on companies themselves to drive the transfer."", ""best_sentence"": """", ""max_similarity"": 0.0, ""status"": ""Missing""}, {""key_point"": ""Moreover, China's tech control might actually accelerate tech transfers, incentivizing innovators to take ideas abroad early on."", ""best_sentence"": """", ""max_similarity"": 0.0, ""status"": ""Missing""}, {""key_point"": ""Ultimately, China still needs Western tech, particularly in the semiconductor industry."", ""best_sentence"": """", ""max_similarity"": 0.0, ""status"": ""Missing""}, {""key_point"": ""This is likely leading to a future of a two-way tech transfer across borders, which both US and China leaders will resist."", ""best_sentence"": """", ""max_similarity"": 0.0, ""status"": ""Missing""}]",
Unknown,The world wants Chinese tech. China is determined to keep it,Grok,0.0,0,0,8,8,0.0,0.0,1.0,Major shift,,0.0,0,0,0,0,0.0,[],"[{""key_point"": ""Global focus on technology transfer has shifted from protecting Western tech to concerns over how the rest of the world can acquire advanced Chinese technology,  from EVs to AI robots."", ""best_sentence"": """", ""max_similarity"": 0.0, ""status"": ""Missing""}, {""key_point"": ""Countries are leveraging market access to force local manufacturing and tech sharing."", ""best_sentence"": """", ""max_similarity"": 0.0, ""status"": ""Missing""}, {""key_point"": ""However China is actively resisting these effort through export controls."", ""best_sentence"": """", ""max_similarity"": 0.0, ""status"": ""Missing""}, {""key_point"": ""Chinese government has demonstrated paranoia over its tech leaving the country, as demonstrated by the case of AI startup Manus."", ""best_sentence"": """", ""max_similarity"": 0.0, ""status"": ""Missing""}, {""key_point"": ""Unlike China's top-down strategy in digesting foreign tech, the rest of the world would have to rely on companies themselves to drive the transfer."", ""best_sentence"": """", ""max_similarity"": 0.0, ""status"": ""Missing""}, {""key_point"": ""Moreover, China's tech control might actually accelerate tech transfers, incentivizing innovators to take ideas abroad early on."", ""best_sentence"": """", ""max_similarity"": 0.0, ""status"": ""Missing""}, {""key_point"": ""Ultimately, China still needs Western tech, particularly in the semiconductor industry."", ""best_sentence"": """", ""max_similarity"": 0.0, ""status"": ""Missing""}, {""key_point"": ""This is likely leading to a future of a two-way tech transfer across borders, which both US and China leaders will resist."", ""best_sentence"": """", ""max_similarity"": 0.0, ""status"": ""Missing""}]",
Unknown,Tim Cook says Apple Maps release was a 'really big mistake',GPT,0.0,0,0,7,7,0.0,0.0,1.0,Major shift,,0.0,0,0,0,0,0.0,[],"[{""key_point"": ""Tim Cook while reflecting on his tenure in the April 21st Town Hall claims that Apple Maps and other products were a big mistake."", ""best_sentence"": """", ""max_similarity"": 0.0, ""status"": ""Missing""}, {""key_point"": ""He says Apple Maps was not ready, and their team pushed Apple users to use other apps because they were better than Apple Maps."", ""best_sentence"": """", ""max_similarity"": 0.0, ""status"": ""Missing""}, {""key_point"": ""Apple Maps relesaed in 2012 was rushed to meet societal complaints and demands, but when it was released it was very buggy."", ""best_sentence"": """", ""max_similarity"": 0.0, ""status"": ""Missing""}, {""key_point"": ""He claims that they now the best map and they learned from that mistake."", ""best_sentence"": """", ""max_similarity"": 0.0, ""status"": ""Missing""}, {""key_point"": ""Cook is stepping down soon."", ""best_sentence"": """", ""max_similarity"": 0.0, ""status"": ""Missing""}, {""key_point"": ""Additionally, Cook claimed that the unreleased AirPower wireless charging mat and attempts for a self-driving car were also mistakes he had made in leadership."", ""best_sentence"": """", ""max_similarity"": 0.0, ""status"": ""Missing""}, {""key_point"": ""Cook also reflected on his accomplishments and said that there were many but the release of the Apple Watch was his most proud because the Apple Watch can save lives."", ""best_sentence"": """", ""max_similarity"": 0.0, ""status"": ""Missing""}]",
Unknown,Tim Cook says Apple Maps release was a 'really big mistake',Gemini,0.0,0,0,7,7,0.0,0.0,1.0,Major shift,,0.0,0,0,0,0,0.0,[],"[{""key_point"": ""Tim Cook while reflecting on his tenure in the April 21st Town Hall claims that Apple Maps and other products were a big mistake."", ""best_sentence"": """", ""max_similarity"": 0.0, ""status"": ""Missing""}, {""key_point"": ""He says Apple Maps was not ready, and their team pushed Apple users to use other apps because they were better than Apple Maps."", ""best_sentence"": """", ""max_similarity"": 0.0, ""status"": ""Missing""}, {""key_point"": ""Apple Maps relesaed in 2012 was rushed to meet societal complaints and demands, but when it was released it was very buggy."", ""best_sentence"": """", ""max_similarity"": 0.0, ""status"": ""Missing""}, {""key_point"": ""He claims that they now the best map and they learned from that mistake."", ""best_sentence"": """", ""max_similarity"": 0.0, ""status"": ""Missing""}, {""key_point"": ""Cook is stepping down soon."", ""best_sentence"": """", ""max_similarity"": 0.0, ""status"": ""Missing""}, {""key_point"": ""Additionally, Cook claimed that the unreleased AirPower wireless charging mat and attempts for a self-driving car were also mistakes he had made in leadership."", ""best_sentence"": """", ""max_similarity"": 0.0, ""status"": ""Missing""}, {""key_point"": ""Cook also reflected on his accomplishments and said that there were many but the release of the Apple Watch was his most proud because the Apple Watch can save lives."", ""best_sentence"": """", ""max_similarity"": 0.0, ""status"": ""Missing""}]",
Unknown,Tim Cook says Apple Maps release was a 'really big mistake',Grok,0.0,0,0,7,7,0.0,0.0,1.0,Major shift,,0.0,0,0,0,0,0.0,[],"[{""key_point"": ""Tim Cook while reflecting on his tenure in the April 21st Town Hall claims that Apple Maps and other products were a big mistake."", ""best_sentence"": """", ""max_similarity"": 0.0, ""status"": ""Missing""}, {""key_point"": ""He says Apple Maps was not ready, and their team pushed Apple users to use other apps because they were better than Apple Maps."", ""best_sentence"": """", ""max_similarity"": 0.0, ""status"": ""Missing""}, {""key_point"": ""Apple Maps relesaed in 2012 was rushed to meet societal complaints and demands, but when it was released it was very buggy."", ""best_sentence"": """", ""max_similarity"": 0.0, ""status"": ""Missing""}, {""key_point"": ""He claims that they now the best map and they learned from that mistake."", ""best_sentence"": """", ""max_similarity"": 0.0, ""status"": ""Missing""}, {""key_point"": ""Cook is stepping down soon."", ""best_sentence"": """", ""max_similarity"": 0.0, ""status"": ""Missing""}, {""key_point"": ""Additionally, Cook claimed that the unreleased AirPower wireless charging mat and attempts for a self-driving car were also mistakes he had made in leadership."", ""best_sentence"": """", ""max_similarity"": 0.0, ""status"": ""Missing""}, {""key_point"": ""Cook also reflected on his accomplishments and said that there were many but the release of the Apple Watch was his most proud because the Apple Watch can save lives."", ""best_sentence"": """", ""max_similarity"": 0.0, ""status"": ""Missing""}]",
Unknown,Trump administration reclassifies cannabis as less dangerous,GPT,0.0,0,0,3,3,0.0,0.0,1.0,Major shift,,0.0,0,0,0,0,0.0,[],"[{""key_point"": ""Attorney General Todd Blanche announced the reclassification of \""products containing marijuana that are covered by the Food and Drug Administration or that have received a state medical-marijuana licence\"" from a Schedule I controlled substance (simiilar to heroin) to Schedule III (similar to Tylenol with coedine)."", ""best_sentence"": """", ""max_similarity"": 0.0, ""status"": ""Missing""}, {""key_point"": ""The reclassification is intended to increase research into the medicinal uses of marijuana, though it is expected to be challenged in court."", ""best_sentence"": """", ""max_similarity"": 0.0, ""status"": ""Missing""}, {""key_point"": ""This comes after the Biden administration recommendeda change in classification and after Trump signed an executive order increasing access to psychadelic drugs for medical treatment."", ""best_sentence"": """", ""max_similarity"": 0.0, ""status"": ""Missing""}]",
Unknown,Trump administration reclassifies cannabis as less dangerous,Gemini,0.0,0,0,3,3,0.0,0.0,1.0,Major shift,,0.0,0,0,0,0,0.0,[],"[{""key_point"": ""Attorney General Todd Blanche announced the reclassification of \""products containing marijuana that are covered by the Food and Drug Administration or that have received a state medical-marijuana licence\"" from a Schedule I controlled substance (simiilar to heroin) to Schedule III (similar to Tylenol with coedine)."", ""best_sentence"": """", ""max_similarity"": 0.0, ""status"": ""Missing""}, {""key_point"": ""The reclassification is intended to increase research into the medicinal uses of marijuana, though it is expected to be challenged in court."", ""best_sentence"": """", ""max_similarity"": 0.0, ""status"": ""Missing""}, {""key_point"": ""This comes after the Biden administration recommendeda change in classification and after Trump signed an executive order increasing access to psychadelic drugs for medical treatment."", ""best_sentence"": """", ""max_similarity"": 0.0, ""status"": ""Missing""}]",
Unknown,Trump administration reclassifies cannabis as less dangerous,Grok,0.0,0,0,3,3,0.0,0.0,1.0,Major shift,,0.0,0,0,0,0,0.0,[],"[{""key_point"": ""Attorney General Todd Blanche announced the reclassification of \""products containing marijuana that are covered by the Food and Drug Administration or that have received a state medical-marijuana licence\"" from a Schedule I controlled substance (simiilar to heroin) to Schedule III (similar to Tylenol with coedine)."", ""best_sentence"": """", ""max_similarity"": 0.0, ""status"": ""Missing""}, {""key_point"": ""The reclassification is intended to increase research into the medicinal uses of marijuana, though it is expected to be challenged in court."", ""best_sentence"": """", ""max_similarity"": 0.0, ""status"": ""Missing""}, {""key_point"": ""This comes after the Biden administration recommendeda change in classification and after Trump signed an executive order increasing access to psychadelic drugs for medical treatment."", ""best_sentence"": """", ""max_similarity"": 0.0, ""status"": ""Missing""}]",
Unknown,Trump administration vows crackdown on Chinese firms 'exploiting' U.S. AI models,GPT,0.0,0,0,5,5,0.0,0.0,1.0,Major shift,,0.0,0,0,0,0,0.0,[],"[{""key_point"": ""The Trump administration has accused Chinese tech companies of running large-scale campaigns to \""distill\"" U.S."", ""best_sentence"": """", ""max_similarity"": 0.0, ""status"": ""Missing""}, {""key_point"": ""AI models."", ""best_sentence"": """", ""max_similarity"": 0.0, ""status"": ""Missing""}, {""key_point"": ""Anthropic has also separately accused DeepSeek and other Chinese AI labs of doing something similar with Claude."", ""best_sentence"": """", ""max_similarity"": 0.0, ""status"": ""Missing""}, {""key_point"": ""There is bipartisan support in Congress for a bill that would sanction those involved."", ""best_sentence"": """", ""max_similarity"": 0.0, ""status"": ""Missing""}, {""key_point"": ""However, experts have pointed out that distinguishing illegal distillation from normal usage will be very difficult, and with Trump's planned visit to Beijing in May, the actual enforcement could end up being shaped by diplomatic considerations."", ""best_sentence"": """", ""max_similarity"": 0.0, ""status"": ""Missing""}]",
Unknown,Trump administration vows crackdown on Chinese firms 'exploiting' U.S. AI models,Gemini,0.0,0,0,5,5,0.0,0.0,1.0,Major shift,,0.0,0,0,0,0,0.0,[],"[{""key_point"": ""The Trump administration has accused Chinese tech companies of running large-scale campaigns to \""distill\"" U.S."", ""best_sentence"": """", ""max_similarity"": 0.0, ""status"": ""Missing""}, {""key_point"": ""AI models."", ""best_sentence"": """", ""max_similarity"": 0.0, ""status"": ""Missing""}, {""key_point"": ""Anthropic has also separately accused DeepSeek and other Chinese AI labs of doing something similar with Claude."", ""best_sentence"": """", ""max_similarity"": 0.0, ""status"": ""Missing""}, {""key_point"": ""There is bipartisan support in Congress for a bill that would sanction those involved."", ""best_sentence"": """", ""max_similarity"": 0.0, ""status"": ""Missing""}, {""key_point"": ""However, experts have pointed out that distinguishing illegal distillation from normal usage will be very difficult, and with Trump's planned visit to Beijing in May, the actual enforcement could end up being shaped by diplomatic considerations."", ""best_sentence"": """", ""max_similarity"": 0.0, ""status"": ""Missing""}]",
Unknown,Trump administration vows crackdown on Chinese firms 'exploiting' U.S. AI models,Grok,0.0,0,0,5,5,0.0,0.0,1.0,Major shift,,0.0,0,0,0,0,0.0,[],"[{""key_point"": ""The Trump administration has accused Chinese tech companies of running large-scale campaigns to \""distill\"" U.S."", ""best_sentence"": """", ""max_similarity"": 0.0, ""status"": ""Missing""}, {""key_point"": ""AI models."", ""best_sentence"": """", ""max_similarity"": 0.0, ""status"": ""Missing""}, {""key_point"": ""Anthropic has also separately accused DeepSeek and other Chinese AI labs of doing something similar with Claude."", ""best_sentence"": """", ""max_similarity"": 0.0, ""status"": ""Missing""}, {""key_point"": ""There is bipartisan support in Congress for a bill that would sanction those involved."", ""best_sentence"": """", ""max_similarity"": 0.0, ""status"": ""Missing""}, {""key_point"": ""However, experts have pointed out that distinguishing illegal distillation from normal usage will be very difficult, and with Trump's planned visit to Beijing in May, the actual enforcement could end up being shaped by diplomatic considerations."", ""best_sentence"": """", ""max_similarity"": 0.0, ""status"": ""Missing""}]",
Unknown,Trump claims Iran’s regime is fractured. The reality is more complicated.,GPT,0.0,0,0,7,7,0.0,0.0,1.0,Major shift,,0.0,0,0,0,0,0.0,[],"[{""key_point"": ""Despite President Trump's claims that Iran\u2019s leadership is \""seriously fractured\"" after it boycotted ceasefire talks in Pakistan, experts argue the Iranian regime is displaying unprecedented cohesion."", ""best_sentence"": """", ""max_similarity"": 0.0, ""status"": ""Missing""}, {""key_point"": ""Following the assassinations of top leaders by U.S."", ""best_sentence"": """", ""max_similarity"": 0.0, ""status"": ""Missing""}, {""key_point"": ""and Israel, the country is now operating under a unified wartime system managed by a diverse group of officials.New Supreme Leader, Mojtaba Khamenei, is reportedly in hiding and incapacitated, forcing subordinates to make decisions autonomously."", ""best_sentence"": """", ""max_similarity"": 0.0, ""status"": ""Missing""}, {""key_point"": ""Iranian officials must navigate external pressure from the U.S."", ""best_sentence"": """", ""max_similarity"": 0.0, ""status"": ""Missing""}, {""key_point"": ""alongside internal pressure from hard-liners who oppose any diplomatic concession that resembles defeat."", ""best_sentence"": """", ""max_similarity"": 0.0, ""status"": ""Missing""}, {""key_point"": ""Currently, Iranian negotiators are refusing to return to the table until the U.S."", ""best_sentence"": """", ""max_similarity"": 0.0, ""status"": ""Missing""}, {""key_point"": ""lifts its blockade on Iranian ports."", ""best_sentence"": """", ""max_similarity"": 0.0, ""status"": ""Missing""}]",
Unknown,Trump claims Iran’s regime is fractured. The reality is more complicated.,Gemini,0.0,0,0,7,7,0.0,0.0,1.0,Major shift,,0.0,0,0,0,0,0.0,[],"[{""key_point"": ""Despite President Trump's claims that Iran\u2019s leadership is \""seriously fractured\"" after it boycotted ceasefire talks in Pakistan, experts argue the Iranian regime is displaying unprecedented cohesion."", ""best_sentence"": """", ""max_similarity"": 0.0, ""status"": ""Missing""}, {""key_point"": ""Following the assassinations of top leaders by U.S."", ""best_sentence"": """", ""max_similarity"": 0.0, ""status"": ""Missing""}, {""key_point"": ""and Israel, the country is now operating under a unified wartime system managed by a diverse group of officials.New Supreme Leader, Mojtaba Khamenei, is reportedly in hiding and incapacitated, forcing subordinates to make decisions autonomously."", ""best_sentence"": """", ""max_similarity"": 0.0, ""status"": ""Missing""}, {""key_point"": ""Iranian officials must navigate external pressure from the U.S."", ""best_sentence"": """", ""max_similarity"": 0.0, ""status"": ""Missing""}, {""key_point"": ""alongside internal pressure from hard-liners who oppose any diplomatic concession that resembles defeat."", ""best_sentence"": """", ""max_similarity"": 0.0, ""status"": ""Missing""}, {""key_point"": ""Currently, Iranian negotiators are refusing to return to the table until the U.S."", ""best_sentence"": """", ""max_similarity"": 0.0, ""status"": ""Missing""}, {""key_point"": ""lifts its blockade on Iranian ports."", ""best_sentence"": """", ""max_similarity"": 0.0, ""status"": ""Missing""}]",
Unknown,Trump claims Iran’s regime is fractured. The reality is more complicated.,Grok,0.0,0,0,7,7,0.0,0.0,1.0,Major shift,,0.0,0,0,0,0,0.0,[],"[{""key_point"": ""Despite President Trump's claims that Iran\u2019s leadership is \""seriously fractured\"" after it boycotted ceasefire talks in Pakistan, experts argue the Iranian regime is displaying unprecedented cohesion."", ""best_sentence"": """", ""max_similarity"": 0.0, ""status"": ""Missing""}, {""key_point"": ""Following the assassinations of top leaders by U.S."", ""best_sentence"": """", ""max_similarity"": 0.0, ""status"": ""Missing""}, {""key_point"": ""and Israel, the country is now operating under a unified wartime system managed by a diverse group of officials.New Supreme Leader, Mojtaba Khamenei, is reportedly in hiding and incapacitated, forcing subordinates to make decisions autonomously."", ""best_sentence"": """", ""max_similarity"": 0.0, ""status"": ""Missing""}, {""key_point"": ""Iranian officials must navigate external pressure from the U.S."", ""best_sentence"": """", ""max_similarity"": 0.0, ""status"": ""Missing""}, {""key_point"": ""alongside internal pressure from hard-liners who oppose any diplomatic concession that resembles defeat."", ""best_sentence"": """", ""max_similarity"": 0.0, ""status"": ""Missing""}, {""key_point"": ""Currently, Iranian negotiators are refusing to return to the table until the U.S."", ""best_sentence"": """", ""max_similarity"": 0.0, ""status"": ""Missing""}, {""key_point"": ""lifts its blockade on Iranian ports."", ""best_sentence"": """", ""max_similarity"": 0.0, ""status"": ""Missing""}]",
Unknown,Trump claims ‘rigged’ Virginia vote as court moves to block redistricting map,GPT,0.0,0,0,1,1,0.0,0.0,1.0,Major shift,,0.0,0,0,0,0,0.0,[],"[{""key_point"": ""In response to a Virginian vote to redraw congressional districts in a way that favors Democrats, President Trump took to social media to allege that the vote was \""rigged.\"" The redrawing, which has faced multiple legal challenges, including being blocked by Circuit Court Judge Jack Hurley Jr., could help the Democrats flip up to four Republican seats in the House of Representatives, if the results are certified."", ""best_sentence"": """", ""max_similarity"": 0.0, ""status"": ""Missing""}]",
Unknown,Trump claims ‘rigged’ Virginia vote as court moves to block redistricting map,Gemini,0.0,0,0,1,1,0.0,0.0,1.0,Major shift,,0.0,0,0,0,0,0.0,[],"[{""key_point"": ""In response to a Virginian vote to redraw congressional districts in a way that favors Democrats, President Trump took to social media to allege that the vote was \""rigged.\"" The redrawing, which has faced multiple legal challenges, including being blocked by Circuit Court Judge Jack Hurley Jr., could help the Democrats flip up to four Republican seats in the House of Representatives, if the results are certified."", ""best_sentence"": """", ""max_similarity"": 0.0, ""status"": ""Missing""}]",
Unknown,Trump claims ‘rigged’ Virginia vote as court moves to block redistricting map,Grok,0.0,0,0,1,1,0.0,0.0,1.0,Major shift,,0.0,0,0,0,0,0.0,[],"[{""key_point"": ""In response to a Virginian vote to redraw congressional districts in a way that favors Democrats, President Trump took to social media to allege that the vote was \""rigged.\"" The redrawing, which has faced multiple legal challenges, including being blocked by Circuit Court Judge Jack Hurley Jr., could help the Democrats flip up to four Republican seats in the House of Representatives, if the results are certified."", ""best_sentence"": """", ""max_similarity"": 0.0, ""status"": ""Missing""}]",
Unknown,YouTube clips and a bare stage: How Justin Bieber captivated Coachella — and the internet,GPT,0.0,0,0,3,3,0.0,0.0,1.0,Major shift,,0.0,0,0,0,0,0.0,[],"[{""key_point"": ""Justin Bieber is on Coachella performance last week."", ""best_sentence"": """", ""max_similarity"": 0.0, ""status"": ""Missing""}, {""key_point"": ""He simply sat on stage with a laptop and sang along to his old YouTube videos playing on a giant screen."", ""best_sentence"": """", ""max_similarity"": 0.0, ""status"": ""Missing""}, {""key_point"": ""While many loyal fans found this emotional and nostalgic, critics complained that the highly paid performance was lazy and felt like watching a boring video call."", ""best_sentence"": """", ""max_similarity"": 0.0, ""status"": ""Missing""}]",
Unknown,YouTube clips and a bare stage: How Justin Bieber captivated Coachella — and the internet,Gemini,0.0,0,0,3,3,0.0,0.0,1.0,Major shift,,0.0,0,0,0,0,0.0,[],"[{""key_point"": ""Justin Bieber is on Coachella performance last week."", ""best_sentence"": """", ""max_similarity"": 0.0, ""status"": ""Missing""}, {""key_point"": ""He simply sat on stage with a laptop and sang along to his old YouTube videos playing on a giant screen."", ""best_sentence"": """", ""max_similarity"": 0.0, ""status"": ""Missing""}, {""key_point"": ""While many loyal fans found this emotional and nostalgic, critics complained that the highly paid performance was lazy and felt like watching a boring video call."", ""best_sentence"": """", ""max_similarity"": 0.0, ""status"": ""Missing""}]",
Unknown,YouTube clips and a bare stage: How Justin Bieber captivated Coachella — and the internet,Grok,0.0,0,0,3,3,0.0,0.0,1.0,Major shift,,0.0,0,0,0,0,0.0,[],"[{""key_point"": ""Justin Bieber is on Coachella performance last week."", ""best_sentence"": """", ""max_similarity"": 0.0, ""status"": ""Missing""}, {""key_point"": ""He simply sat on stage with a laptop and sang along to his old YouTube videos playing on a giant screen."", ""best_sentence"": """", ""max_similarity"": 0.0, ""status"": ""Missing""}, {""key_point"": ""While many loyal fans found this emotional and nostalgic, critics complained that the highly paid performance was lazy and felt like watching a boring video call."", ""best_sentence"": """", ""max_similarity"": 0.0, ""status"": ""Missing""}]",
